Name,Rating,Reviews,Type,Location,Phone,Status,Notes
Gharpe Diagnostics,4.8,174,Diagnostic Centre,Near Coles Park,7411714441,Open 24 hrs,Home X-ray services
SLN Diagnostics,4.9,81,Diagnostic Centre,"Sapthagiri Complex, Bagalur Main Rd",,Closed,Reports ready on time
Apex Diagnostics,,,Diagnostic Centre,"Sathanur, Karnataka",8296422571,Open 24 hrs,On-site services
Sapthagiri Diagnostics,4.8,40,Diagnostic Centre,,9535012136,Closes soon,Professional staff
Nisarga Polyclinic & Diagnostic Centre,5,2,Medical Clinic,,8618043936,Open 24 hrs,
SNR Health Care and Diagnostics,5,19,Laboratory,Near Country Club,9902233033,Open 24 hrs,Friendly staff
Gene Plus Diagnostics,4.9,679,Diagnostic Centre,Bagalur Main Rd,8123686877,Closed,Affordable pricing
Shree Vishnu Scans & Diagnostics,4.7,106,Diagnostic Centre,Kanti Sweets area,,Closed,
North City Diagnostic Centre,4.2,327,Diagnostic Centre,"RDL Square, BB Rd",,Open 24 hrs,On-site services
Anand Diagnostic Laboratory,5,1,Diagnostic Centre,1st Main Rd,18004251974,Open 24 hrs,
Neuberg Anand Reference Lab,5,7,Diagnostic Centre,Shree Lakshmi area,,Closed,Easy access reports
Apollo 24/7 Lab Tests,1,1,Diagnostic Centre,BSF Area,,Closes soon,
Aster Labs – Chokkanahalli,4.9,1700,Diagnostic Centre,RCR Building,,Closed,Same-day reports
Apollo Diagnostics,5,23,Diagnostic Centre,Shivapura,,Closed,Home collection
Fame Diagnostics & Healthcare,4.9,2300,Diagnostic Centre,Radha Krishna Layout,,Closed,Affordable scans
Prima Diagnostics – Yelahanka,4,1800,Diagnostic Centre,1st A Main Rd,9513120444,Closed,On-site services
R N D Diagnostics,5,1,Diagnostic Centre,Hosahalli Main Rd,,Open 24 hrs,
T.M.G Diagnostic Centre,4.8,13,Laboratory,Bagalur Main Rd,8553666133,Closed,
